0,-0.06612306444693483
1,0.21358969025096855
2,-0.03059466603576147
3,0.082488470630218
4,-0.025984042778544037
5,-0.10395776515153317
6,-0.07696715056018318
7,-0.014328048703087
8,0.006358300579743487
9,-0.053479891020292436
10,0.057198956290168336
11,-0.056472558370474046
12,-0.15964127660443786
13,-0.02967083345850768
14,-0.00976740475078167
15,0.02569949289253964
16,0.018259985462688533
17,0.018992326064890718
18,0.022905554992545464
19,-0.06955711816441863
20,-0.048073039879382606
21,-0.04133495940274245
22,0.028799560452392854
23,-0.07823907638692365
24,-0.03447244126841125
25,0.014389412919637912
26,0.05536864984312693
27,0.15818864108844857
28,-0.15581972445896547
29,0.042320207163370406
30,0.029654160005108815
31,-0.1554431404541684
32,-0.02735099550366629
33,-0.08214779556879653
34,-0.1945626933693666
35,-0.20819323065055204
36,0.05624428148966091
37,0.04046947167478896
38,0.02502418591111399
39,-0.07648390910260394
40,-0.01897810378570282
41,-0.2058835975186889
42,0.07999720223448455
43,-0.022835956346468685
44,0.0004337481792699094
45,-0.07180298298409456
46,0.11893295813185903
47,-0.1252116444212771
48,0.10651891829325376
49,-0.1193242039671934
50,0.17297584616538475
51,-0.13094680139448348
52,-0.07960969062398324
53,0.05952686386309371
54,-0.04113919999096346
55,0.1376910659396588
56,0.14849015068707447
57,0.010377197693600047
58,-0.15822189416831223
59,-0.14378670569387172
60,-0.03368008816886688
61,0.1327509091240806
62,0.0526365272923866
63,-0.0045946422843754385
64,0.11266328979043005
65,0.061249470969367
66,0.04390637950024372
67,0.012102217695014014
68,-0.005039458213669447
69,-0.03519939995402138
70,0.15373812831023387
71,0.034737694763311795
72,0.015454266969615169
73,0.13978051346914072
74,0.10823620158717072
75,-0.09658810838784691
76,0.030537529908599884
77,-0.012831001861102318
78,0.13883975081746944
79,0.14952389802030938
80,0.10997842151458509
81,-0.07601691297673782
82,-0.06582606591559902
83,0.049982071668781464
84,0.05439373899896003
85,-0.13506544151240601
86,0.1104367540841455
87,0.11589868015361252
88,0.08768337609878164
89,-0.06797929475709077
90,0.04559425436407602
91,-0.12673353144619376
92,-0.13580960631386071
93,0.029222212994122095
94,0.01123157690879209
95,0.17280379753379366
96,-0.04413636897169355
97,0.05422650502593778
98,-0.09055459034231977
99,0.024117828084495814
100,-0.04368229882979464
101,-0.028555911653596062
102,0.19029168302132865
103,0.10172957868869151
104,-0.14817905001130244
105,0.9364727683967365
106,0.9115770962458961
107,0.9222077164334632
108,1.020793503808649
109,0.6715998898643785
110,0.9164698434006353
111,1.1225458957220975
112,1.0336660945852885
113,1.0020750322668397
114,0.8350233935314577
115,0.8542951300069022
116,0.9592909843495625
117,1.0724532458651928
118,0.994835499443921
119,0.9859663216143331
120,0.9121396152424264
121,1.0571558407185095
122,1.179023317658999
123,0.9008647044236404
124,1.0892588160286878
125,1.0848511551118842
126,1.0101395568545228
127,1.0014236514702006
128,1.054504532545267
129,1.0728118767487236
130,0.972825786012679
131,0.9154303422521539
132,1.0080663594210288
133,1.1109872867727546
134,1.0451007947756263
135,0.9934830978378772
136,0.9823003141150908
137,1.1036719635184566
138,0.9478654852267485
139,1.0223072443507546
140,0.9639565181240326
141,1.0504658125296817
142,1.0334700557770233
143,0.9490383946858163
144,1.0328052306955626
145,0.9256642494244001
146,1.124722150646078
147,1.1301645318769458
148,1.0490096361252277
149,0.8743900652749921
150,1.0351118083685693
151,1.0428755468206214
152,0.9525832288902827
153,1.0212199018003931
154,0.922217748039176
155,0.9886601577166213
156,1.1501201202328963
157,0.9095826375659269
158,0.9102017478264961
159,0.9629920015291398
160,1.0474898285530578
161,0.9697729636548765
162,1.0949999161621167
163,0.9511027033535311
164,0.8807430823754122
165,1.046964811383652
166,-0.14187770388372284
167,-0.017410574739979163
168,-0.23125563390643056
169,-0.008624643588814863
170,-0.16848474215679787
171,0.029298412205712013
172,-0.17485102530102098
173,0.016459158500461812
174,-0.0916265829621351
175,-0.05886853751753847
176,-0.09060770750635849
177,-0.08322490886990225
178,-0.05817055476994504
179,0.30172864709911396
180,0.14621546081410144
181,0.1306141966384924
182,-0.030687542519823093
183,-0.12856395674861643
184,-0.003608360569404756
185,0.04619027755149859
186,0.009420530091059604
187,-0.0023253060304895194
188,0.020676830146676164
189,-0.0754462955972086
190,0.2695843259159853
191,0.03724791871380025
192,-0.16697892668276385
193,-0.052626609453636466
194,-0.03293393929948679
195,-0.11065068145620537
196,0.013035421857858241
197,-0.040784778728298325
198,-0.0348554993506946
199,0.05552135570333408
200,-0.0342602699115446
201,0.019797358241015167
202,0.08502214660241798
203,0.12219219489100136
204,-0.033864334937583195
205,0.11936268273984536
206,0.07973661106628205
207,0.09070427082743318
208,0.07348105924388508
209,0.07708990142675784
210,0.0017674373996942395
211,-0.21068306800266387
212,0.11486598459458273
213,-0.1620204263381593
214,0.08664864323634158
215,-0.015922947666261417
216,0.09609763607684745
217,-0.03600955476434843
218,-0.38517058881774613
219,-0.10770915043354379
220,-0.05269819207177206
221,-0.09764322626018701
222,0.06935175844214299
223,-0.058430138583597795
224,-0.03389955257124714
225,0.08821543332501523
226,0.08917928165297095
227,0.1197634488225285
228,-0.12423697340497053
229,-0.07348550255638947
230,0.0887106687053645
231,0.00031217591809477613
232,-0.02429072167554007
233,-0.05515042013492819
234,-0.01985810103457722
235,-0.18608379874926306
236,-0.15524654413882777
237,-0.05833311469498051
238,-0.29251145796197847
239,0.020306509399511657
240,0.018934826909221728
241,-0.2103207102755134
242,0.0017403273531360866
243,-0.06092624729822074
244,-0.1121474398347981
245,-0.2241750456946746
246,0.02550099040790604
247,0.0002418992360712317
248,-0.13248857284523777
249,0.0756330049268764
250,0.15701044560450123
251,-0.029008457299440668
252,-0.12214616466897509
253,0.1357174844021977
254,0.15848468728123247
255,0.1441511334757116
256,0.0904550739369266
257,0.19181281807864628
258,-0.08642677374789226
259,0.07396510552024564
260,0.004672250050118475
261,-0.01916655886209706
262,-0.054127196245199544
263,-0.056554132097213564
264,0.005323235891541572
265,-0.06737127448030783
266,-0.0015436046778934678
267,-0.136578423957995
268,0.0759618263495377
269,0.0879209917240961
270,-0.012598931879388348
271,-0.02574376196804808
272,0.1111325676427508
273,0.18449391414271935
274,-0.009028240866172791
275,0.13985218246561631
276,-0.021648175295994315
277,0.057145564124332006
278,0.11788123448262128
279,-0.07647381853101533
280,0.19859463075934639
281,-0.07637142348753839
282,-0.04966785657334691
283,-0.04884900826480799
284,0.15213984244021891
285,-0.11305853020225638
286,-0.23964731879641177
287,-0.024711672804059514
288,0.051730645382926044
289,-0.022203510402406097
290,-0.22604081317695007
291,0.005704982996426768
292,-0.056506364929961264
293,0.09129376422878094
294,0.056617881203907906
295,0.07885982981720796
296,-0.028992768051568148
297,0.18038664429683926
298,-0.06809518284557586
299,-0.1178146285021608
300,-0.08514953860391095
301,-0.18967967902190608
302,-0.03113976237315785
303,-0.08962882257466256
304,-0.02165890297078371
305,-0.041402491862718806
306,0.05655098434285227
307,0.11401389472215528
308,0.06245545889952097
309,0.030647917141714078
310,-0.03232461759599042
311,0.10788808867583294
312,0.14372267170139283
313,0.08976190418846879
314,0.041803895440319164
315,-0.03338178369841025
316,0.022310684130640277
317,0.06540405838184667
318,-0.011330366187148888
319,0.018537063656316726
320,-0.14021259354560994
321,0.04460669991006124
322,-0.15842392225692215
323,0.19036464501873004
324,0.006999420126211867
325,0.07423451546408555
326,0.02053211023751358
327,0.07132257082865714
328,-0.058283542593987686
329,0.02937279774489133
330,-0.17661894470512193
331,0.13479509237499307
332,0.0993199469630815
333,-0.02566484692504102
334,0.06335318868081874
335,-0.11179957580745797
336,-0.2391428826511323
337,0.18347580485871695
338,-0.0989530042155473
339,-0.011696611460394976
340,0.030175729471546453
341,0.09013902137401653
342,-0.007286307907146266
343,-0.03234809796269459
344,0.16126346719474902
345,0.0030280595118808767
346,0.1220147279648563
347,0.12135658210217021
348,-0.06829904885576553
349,0.00917470975570636
350,0.10602157841569465
351,-0.0444342251207109
352,-0.09034204911145353
353,-0.10076710031172496
354,-0.0002745433667667514
355,0.2816047210095806
356,0.2055142033643282
357,0.058518850139778644
358,0.08252590111467326
359,-0.021370838783296965
360,0.025057075245623967
361,-0.14061973436525238
362,-0.1634825523205188
363,-0.005912683731058745
364,-0.007338961422164409
365,0.07260435115030449
366,-0.041389676254872304
367,0.0964720674697041
368,0.15631722506650925
369,-0.13891587572746916
370,-0.022721418470687933
371,0.07838828596195868
372,0.19249835815886823
373,-0.03413767871392895
374,-0.1687567229931465
375,0.011543770465963051
376,-0.12719572619705996
377,-0.00011206682795416879
378,0.01679526884189146
379,0.03692916018436373
380,0.10777599596668053
381,-0.1882479665575791
382,0.011225056190673835
383,-0.0012202178763415677
384,-0.1470620801181615
385,-0.1259044313243424
386,-0.06297555946148686
387,-0.1563745518685303
388,-0.0430757877820093
389,-0.0806372468922212
390,-0.0019348557405313447
391,-0.015093259440012453
392,-0.10311177317576554
393,0.07860320368258934
394,-0.006126298796016362
395,0.11880391710288629
396,-0.0613572305087893
397,-0.04261613713309432
398,0.010833153781585454
399,0.1742130673868983
400,-0.06614110726593878
401,-0.01961455965641404
402,0.07989055187046819
403,0.016274065798422523
404,-0.10283501850971165
405,0.07169310649592524
406,-0.10715631466025172
407,-0.04854287324664104
408,-0.059035956191880616
409,0.08562481587228123
410,0.06147457342258265
411,0.13817556713419027
412,-0.028467217378585086
413,0.0711622754318553
414,0.022706083050229628
415,-0.14427077349355127
416,0.17434690835167932
417,-0.08340719566286652
418,-0.05581617316244404
419,-0.15512065182625193
420,0.12940526967352947
421,-0.18685716323276877
422,-0.04307434886703043
423,-0.12701719782038784
424,0.0946378016101524
425,0.09474786857712789
426,0.020622691243893983
427,-0.01835129262427259
428,0.09849140509377871
429,0.08314383594892838
430,-0.003168937767289105
431,0.02712730976571144
432,0.028364511627551294
433,-0.1816312933766666
434,0.1380743640139149
435,-0.007549117612795331
436,0.024479777967696733
437,-0.1170210400209359
438,-0.08411223978569649
439,-0.0983719517702148
440,0.004733858850288773
441,0.11215085166562258
442,0.06302063729109923
443,-0.10006135405054402
444,-0.018888405387897295
445,0.1684539535205944
446,-0.2578946410783851
447,-0.13447245758621854
448,-0.01916826990746095
449,0.015110751777404709
450,-0.003921767395389265
451,0.02533600352267041
452,0.027418678213697357
453,0.0512261429212316
454,-0.01931832005252785
455,0.14758181344748966
456,0.08388933568151545
457,0.014372803249057512
458,-0.13706124795707564
459,0.09621557728308243
460,-0.11532460179511406
461,-0.200672898846504
462,0.16553483800821
463,-0.19198046384239537
464,0.03499996646820523
465,-0.10547778843078624
466,-0.08026699335995488
467,-0.06106089231146475
468,0.10265677410885546
469,-0.1564218373526918
470,-0.0706854884562233
471,0.09130644621755361
472,0.07144622216244087
473,0.03695273078353819
474,-0.19182836417649293
475,-0.05155238542774058
476,-0.027681463993296292
477,0.15048296961289181
478,-0.03485048125721369
479,-0.08358272141920818
480,-0.08837837755581844
481,-0.1980677272431104
482,-0.15427127936858964
483,0.031036119578452433
484,0.06758581480710485
485,0.18033048531583112
486,-0.06720499760731667
487,-0.14812611104609671
488,0.1413623934300204
489,0.0035049694416214405
490,0.06943307982484163
491,-0.06936833082643522
492,-0.11414636295828057
493,-0.025263734295599322
494,-0.10368633732405359
495,0.10171059298560169
496,-0.13006177821245155
497,0.02986075966622591
498,-0.005963944236751996
499,0.1402801873640778
500,0.04453480743916849
501,0.023757831380078462
502,0.07288344379371825
503,-0.034473532852766435
504,0.019453253025887955
505,0.13958545847018505
506,-0.014162397117318926
507,0.09462916648984253
508,-0.13995598965495723
509,0.04169313663231963
510,0.1771872806845929
511,-0.11791157054597197
512,-0.2504114895982537
513,-0.07845950472014115
514,-0.1897271715184224
515,0.12542521442752877
516,-0.10675018557854875
517,0.047888733669879134
518,-0.00474789329430823
519,0.31601287203282225
520,-0.051067696425953595
521,-0.11471026103471163
522,-0.05945785272142497
523,0.16198284349962178
524,-0.11102607373702228
525,0.18894984409647544
526,0.06985713925870296
527,-0.06315286265089723
528,-0.06106418916692572
529,-0.013632650531121782
530,-0.10783602977069003
531,0.05542714935705724
532,-0.007953040296522778
533,0.05863921930856508
534,-0.02849763124655305
535,0.06862468176974884
536,0.03406657236405572
537,0.08092760964339024
538,-0.11216550619059723
539,-0.015089814157818501
540,-0.1616530974955577
541,-0.04056354377139604
542,0.1360602218198659
543,0.04686625604289982
544,0.06432733446163329
545,0.014109433810937912
546,-0.05625208499605953
547,-0.04151559922391562
548,-0.0008876302558496196
549,0.021001887936131444
550,0.0068348459831091175
551,0.03807387149658013
552,-0.05039992413053262
553,0.06324394406738229
554,-0.0024107165970465383
555,0.014274393643831186
556,-0.1303512195276094
557,-0.0009048669848386083
558,-0.07063982661563213
559,-0.057550285691677486
560,-0.13254786903728114
561,0.056044245062126644
562,0.011666149749821539
563,0.10558392800907812
564,0.07431999296139138
565,0.07679742612684749
566,-0.10807017373443334
567,-0.15337031081185892
568,0.029119095493931976
569,0.005199200781545534
570,-0.003866058510798183
571,0.0007382138040319915
572,-0.1236067616411713
573,0.016616059735085505
574,-0.02139735721505511
575,0.010358811664182614
576,-0.021242813753031393
577,-0.034125499935175524
578,0.15184772557808035
579,-0.09188306985990843
580,0.08447249776928134
581,0.16134167141820466
582,-0.020713416500388337
583,0.0021289681835387556
584,0.009513938583759316
585,-0.003981780484636735
586,0.03960002135787152
587,0.03422665971196733
588,0.04236983402037808
589,-0.025429987106516883
590,-0.1455620216118925
591,0.009807493389592204
592,0.08299051567430639
593,0.03922768051650127
594,-0.034391014476506554
595,-0.04349349849849257
596,0.04155678324481387
597,0.09846146447825871
598,0.9073540409986411
599,1.1354788747030748
600,1.178925454394307
601,0.9462608350505965
602,0.983206465877559
603,0.8081479908411695
604,1.159623162520524
605,0.9004460659752085
606,1.0912299901416425
607,1.0447126207362878
608,0.8547338595111698
609,1.1696446347065534
610,0.9553868369482786
611,0.9717363448545627
612,1.1671887394626648
613,1.1046579678259145
614,0.8815970565305022
615,0.96425307031182
616,0.9378861510734946
617,0.9563285176712254
618,0.8196419294125832
619,1.0358172035589435
620,1.0511960856757905
621,1.2069132453319715
622,1.2248495504836456
623,1.0168077019234651
624,0.9924335668932679
625,1.0987095571901162
626,1.074870090893835
627,1.0003106138921707
628,1.1311451413121283
629,0.9779804222616981
630,1.067471346237334
631,1.226087312080875
632,1.0172044619727283
633,0.9723897100194949
634,0.8654144161293127
635,1.0143965777533273
636,0.8882040599633421
637,1.0357243505428517
638,0.9147225594347674
639,1.0301345002650961
640,0.9668770101267671
641,0.8961614742439025
642,1.013344297560355
643,1.1198888477624367
644,0.8435679729427911
645,1.0273770494524814
646,1.0049353017164995
647,1.039718546607065
648,1.187537420989479
649,0.7283975668187908
650,1.0930034016850803
651,1.0195069875191458
652,1.0280411647726841
653,0.8553866376998579
654,1.1849384974334307
655,0.9839133171167855
656,1.2219449880810034
657,0.9500451141872698
658,1.0351404629158865
659,0.9539055088391862
660,1.0539090671181284
661,1.0416228313103835
662,1.0438619565746508
663,0.9361430689781305
664,1.0090535321107232
665,1.038663330031891
666,1.1039752887288885
667,0.9616627038901123
668,0.8905071640063307
669,1.0348557339536484
670,0.8829544857043455
671,1.0043147081305224
672,0.917055432866648
673,0.9630335931879954
674,0.8722319194832998
675,1.147531754054564
676,1.11594259464105
677,1.0410483241314776
678,1.101566557191733
679,0.9729774051760052
680,1.1118600232046147
681,0.9478949075251742
682,1.0507907369938236
683,1.172273890922427
684,0.8737650883669783
685,0.9779407494144828
686,0.8444126883996798
687,1.1195582243155477
688,1.0982496058273175
689,0.9934840241758778
690,1.1412422339147763
691,0.9365339595387302
692,1.0305268227669055
693,0.9579587490070841
694,1.1217594622665306
695,1.0901923184879023
696,0.9161520741411895
697,1.0327061696248372
698,1.0570714548771134
699,0.9327758286614728
700,0.8868213315798774
701,-0.0890233437114949
702,-0.04612343739266694
703,0.18723283988004868
704,0.06319257166796166
705,0.17970885514095883
706,-0.033675693712349054
707,-0.0708859744038473
708,-0.04597419591241027
709,-0.05156712982288937
710,-0.056321595934030536
711,-0.17564752148752463
712,-0.19496597641850708
713,0.0922980023995935
714,0.05420782072150521
715,-0.08848981624625213
716,-0.07817203984037079
717,0.09835977112400138
718,-0.08171955924795382
719,0.08340572607537294
720,-0.0803914883213177
721,0.07549700999417075
722,0.04249301455600036
723,-0.13227319959528858
724,-0.07593789442554023
725,0.026031568243072817
726,0.9234644337669892
727,1.0368656069646038
728,0.9992215810540859
729,0.8875361025933016
730,1.0207552595479128
731,0.8939104976863179
732,1.1553691117840115
733,0.9315015005819223
734,0.9006689814866942
735,1.0540848147625317
736,1.0751388682573688
737,0.9696798133061515
738,1.156502525674291
739,1.1244059004925393
740,0.9000061017703549
741,0.9917595053239341
742,1.01865815738201
743,0.8622318823520841
744,0.9499408137730215
745,1.0025886339048857
746,1.039580763454222
747,1.0485146011317217
748,0.9768298796892485
749,0.9720329999374193
750,1.0648014836008586
751,1.0858866959038227
752,0.9960512630216246
753,1.162930303993717
754,0.9994689298007526
755,1.0972576022159035
756,1.0585970598585093
757,1.0069700852985985
758,1.1164192102858488
759,1.0723392362455095
760,1.1453206090179286
761,1.0090222527529735
762,0.8217225408089617
763,1.1654903784533437
764,1.0439785162930206
765,1.0007638435045239
766,1.049608847207664
767,1.0342149010120445
768,0.9831964785640097
769,0.9608953376011548
770,1.0824496028493074
771,1.0233213448450142
772,0.89734220631056
773,0.856378517457518
774,1.0781211942881939
775,0.9408624816138071
776,0.951288065209605
777,0.9364980397906011
778,0.933683908944172
779,0.8704852938143052
780,1.0323828469936716
781,0.975020102631975
782,0.9471990024729536
783,1.0674190401979775
784,0.8734629411698545
785,1.1213450037107677
786,1.0097599666250787
787,0.9935370085037402
788,1.037387494724795
789,0.9106352381668714
790,1.0996829586536754
791,0.9554215435280328
792,1.022652617364093
793,1.052932576046273
794,0.9220625028861436
795,0.9173121527322718
796,1.10260931148423
797,0.9424085703995616
798,1.0147234570311665
799,1.109473566603976
800,0.9013685352298408
801,0.9223170602228419
802,0.9439204724023151
803,1.0951000596351195
804,0.9995834901441675
805,0.8868001218474105
806,1.1026229686199154
807,0.9609411481914757
808,0.9264165958463098
809,0.9760696696857593
810,0.8759903822614948
811,1.1673146823524767
812,0.9914415288952034
813,1.0447473317555573
814,0.9977682408365731
815,0.8280566950238715
816,1.1466457373052328
817,1.0314776818829152
818,0.9369489257293553
819,0.9126127924430318
820,1.1196355173922163
821,1.1560233002615723
822,1.0893323600628506
823,1.164270386588147
824,1.1255094870300668
825,0.9003901713264117
826,0.9084003353020942
827,1.0039346734140797
828,1.0005562231568221
829,0.9220204589682558
830,1.1014618964546197
831,1.1364185784053653
832,0.9166409307543939
833,1.1279391622844446
834,0.9874354987004221
835,1.1629649537090514
836,1.114065859386571
837,0.9680542199593666
838,0.9925503580370497
839,0.9267719848441796
840,0.9337586774932162
841,1.0466581212431938
842,0.9637831204525277
843,0.8848106215673031
844,0.6994112842791083
845,0.9644711190314998
846,0.9644706303541304
847,1.0148365046868504
848,0.8663136189760137
849,1.0207733440282776
850,1.0318226041609033
851,0.7546402007363616
852,1.0315262905573266
853,0.9871331944340993
854,1.1279152953197111
855,1.348490308575196
856,0.7381188139113019
857,0.9691269987897584
858,0.8511748211932978
859,0.9609593647019448
860,1.0507464106251856
861,0.8304190822665006
862,0.9687038733529442
863,0.9322126936841342
864,1.0221117646887923
865,0.8513628097035135
866,0.7988500128280324
867,1.0973044731175952
868,0.9360167794596546
869,1.0929126712084303
870,0.9469543259058764
871,0.9317921634304338
872,0.9564892171833758
873,0.9956819358941325
874,1.0576960089431613
875,1.0470250697447228
876,0.8426074578827271
877,0.9190139462510175
878,1.0651868376668447
879,1.0428992637209433
880,1.1709317763433318
881,0.9952339722238227
882,0.9934403696474727
883,1.1135663728358407
884,0.9628810008207466
885,0.9692479743194854
886,1.0240388081755865
887,0.844586209884876
888,1.0167326079396213
889,1.0670141849272832
890,1.0790952650624508
891,0.8895106407130897
892,1.0919301785906872
893,1.127888116672734
894,1.0406539773591674
895,1.0495236374156884
896,0.8709960808686128
897,1.075279571680991
898,0.7537563183828717
899,0.8515700506638055
900,0.9464218040606063
901,0.997697549334101
902,0.9145929891912106
903,1.086011379624752
904,1.1045729544548304
905,1.0397637363466825
906,1.0567581400284294
907,1.0177436398929964
908,0.8943247750842973
909,1.1095935096676288
910,1.0650074178772093
911,1.0636830410551745
912,1.0415032372859854
913,0.9677733912810234
914,0.9828721917229655
915,0.9593256849312336
916,1.04936170839657
917,0.8459643984036107
918,0.913420645117363
919,0.9207112123526718
920,1.009180800434975
921,1.0809477952236162
922,1.134965705062352
923,1.2067403030970356
924,1.046264913675571
925,1.0340214851062126
926,0.8880914851781649
927,0.8417373356861354
928,1.0518574108570355
929,0.9959654456764914
930,1.0572721452617035
931,0.9922191222524521
932,1.0251905016442466
933,1.045545663015171
934,0.9828352633220397
935,1.0766695724256645
936,1.0409394519509736
937,0.8517144120364579
938,0.9904904034988168
939,1.1298246570267823
940,0.950017290161294
941,1.0478075789876098
942,0.9334244416432598
943,1.0613248429540854
944,0.9741287438683188
945,1.1159324088576876
946,1.1305510211780554
947,0.9557612708893893
948,1.1193504926929267
949,0.947973988749625
950,1.1838132115257676
951,1.0205390748868082
952,1.2045068119012137
953,0.9614559230104195
954,1.1304951703650872
955,1.0299450266658237
956,1.043460079062114
957,0.9804585419389252
958,0.9417654212299594
959,0.8477527096702857
960,0.9214672377166719
961,1.1860958505322199
962,0.9865898600679207
963,0.8100155043723007
964,0.964330610557238
965,1.0279502114623174
966,0.8778875600285989
967,0.974153212380697
968,0.9344282262464982
969,1.2320898522894281
970,1.0422264064118263
971,1.1730106667612774
972,1.1704353501180786
973,1.1631127164694364
974,0.7924418659035418
975,0.9443039456824613
976,0.8712638493595537
977,0.965604215653424
978,0.9197150352858435
979,0.9413209924240371
980,0.01820022080832461
981,0.1698195875843505
982,-0.06226921305385276
983,0.17667861918906136
984,0.026838994299988313
985,0.06841936824488636
986,0.040637433150937506
987,0.13114952821476025
988,-0.032502474782009634
989,0.010978061723530838
990,-0.0005201018995258926
991,-0.18199594281643644
992,-0.08624091192274698
993,-0.022633818106094945
994,-0.027365088330122946
995,-0.1350676819788455
996,-0.1795682677833089
997,0.031904992202146494
998,-0.014990062820628479
999,0.12257148743000637
1000,-0.023125035781648998
1001,-0.144110319027292
1002,-0.07780367168537489
1003,0.12853792111785553
1004,-0.1352293383789047
1005,0.0827102963882612
1006,0.13749285260186533
1007,0.0020535402864772616
1008,-0.14125806171500466
1009,-0.20131429833070982
1010,0.011561341660215524
1011,0.041005835281352924
1012,0.1586460131615905
1013,0.11572893002118526
1014,-0.012551315880226236
1015,-0.1592663539680974
1016,0.010516909269251608
1017,0.16744138277837117
1018,0.15902866366163887
1019,0.023375239599917406
1020,-0.07858049450739363
1021,0.035078627559851916
1022,0.09522400608351454
1023,0.1364955938645892
1024,-0.0629437100405512
1025,-0.007989438115741649
1026,0.09818854528121063
1027,-0.030313422075113478
1028,0.061704843022253965
1029,0.0471616246112233
1030,-0.02365410285595641
1031,0.0012229194687925495
1032,-0.12120674068281685
1033,0.001852547843141117
1034,-0.1455900221981086
1035,0.012138855322498119
1036,0.05142815633510786
1037,0.0312344752825702
1038,0.0798158257879445
1039,-0.07469864688858678
1040,-0.035700593226708266
1041,0.07377035613209246
1042,-0.17790585547854842
1043,-0.030782272841109067
1044,0.04244056215870171
1045,-0.009993321384844392
1046,0.054187180891334265
1047,0.12211297318498018
1048,0.047588388524108606
1049,0.03250647656175491
1050,-0.01598206900682733
1051,0.12554572118314136
1052,0.07179946264085746
1053,0.002568221873440896
1054,-0.1363977197454746
1055,0.22232861519235297
1056,0.20703659558881504
1057,0.06330850102173673
1058,0.07874920515137869
1059,0.03764399461214546
1060,0.005052564260716156
1061,0.05981114351594287
1062,0.002449964976924153
1063,-0.041330094896905034
1064,-0.0827186485274371
1065,-0.01904918277410967
1066,0.03617282993723044
1067,-0.03705945559147384
1068,-0.13784305752950118
1069,-0.01754988820913715
1070,-0.008342548334020561
1071,-0.00988599611477602
1072,-0.056067351726597194
1073,0.08770893617290812
1074,-0.10706819089563951
1075,-0.0808111914200893
1076,-0.19850880714431599
1077,0.06176007110585056
1078,0.055774762161826745
1079,-0.061373762893382346
1080,-0.07266078157353117
1081,0.04981149527441243
1082,0.1639213471252806
1083,0.12536254160219354
1084,-0.0026262455637581336
1085,0.055517135978585846
1086,0.043104255698755464
1087,-0.10361530574770737
1088,0.13037865045911867
1089,0.08662470473213063
1090,-0.1850480640810368
1091,-0.18488977742541582
1092,0.18735519881927187
1093,0.14847007704185386
1094,0.3004284188690664
1095,0.00337552469855833
1096,-0.14276565706067393
1097,-0.002764245624533811
1098,0.0615764290175193
1099,-0.017879069110995887
1100,-0.017857219781748077
1101,0.006241807936116381
1102,0.19463719350516515
1103,0.10422991819649528
1104,-0.10381428214260631
1105,-0.0396540541524464
1106,0.020086794122326432
1107,-0.12478654308177922
1108,0.022354523180587317
1109,-0.041575944209811144
1110,-0.01413701733964376
1111,-0.0852284079397263
1112,0.1796926737882581
1113,0.22476159434106716
1114,0.007534697474404762
1115,-0.09424759039210051
1116,-0.1630808042178202
1117,-0.11683202178653927
1118,-0.1119744648699075
1119,0.02680746239419193
1120,0.0858315349785182
1121,-0.060490788740795054
1122,-0.11926750508570094
1123,-0.0166883850704574
1124,-0.1067341640641478
1125,-0.0005483357796301396
1126,0.08002340694955747
1127,-0.1670687611684058
1128,-0.1125988377817504
1129,-0.0077212030690564405
1130,-0.07834017921885496
1131,0.03872687199813284
1132,0.02018617996267029
1133,-0.13743431017272942
1134,0.16720867724600755
1135,1.0360629418701008
1136,1.0743937940989003
1137,1.0815530597108947
1138,0.8585782562292426
1139,1.039916454063955
1140,0.8016155638322577
1141,0.9400970622295478
1142,0.9733528655078515
1143,0.982205348000075
1144,1.1933334810005842
1145,1.219034320347051
1146,0.898827512704306
1147,1.1475005274694103
1148,1.119191996531458
1149,0.9457055360835385
1150,1.0333656043734019
1151,1.0807092862369034
1152,0.9099481064093483
1153,1.0129280177076092
1154,0.8435882598660315
1155,1.011395369963139
1156,0.9432042754909943
1157,1.0850878971475024
1158,1.0834799524724763
1159,0.9860946107131735
1160,1.0141425703152724
1161,1.1820688123820327
1162,0.9318733673193226
1163,0.9267756008385793
1164,0.9529715313921376
1165,0.9579554969526027
1166,1.0268558027783243
1167,-0.09036754362566338
1168,0.07297502915416053
1169,0.022558995068094473
1170,0.045450910802474626
1171,-0.014219669650184008
1172,0.09892316356236347
1173,-0.027846022040072024
1174,-0.03007968162993162
1175,0.078999217804954
1176,-0.09521951918309471
1177,0.10131630414409204
1178,-0.15818676843459434
1179,0.03578616261716587
1180,0.03348837244670464
1181,-0.1263488063775452
1182,0.10503894478624526
1183,-0.082975041521206
1184,0.015698399770172854
1185,-0.0113374325817128
1186,0.13823323402251284
1187,0.06668679436953359
1188,0.04256473036769533
1189,-0.04356867233878587
1190,-0.07778334045539188
1191,-0.12592844678264822
1192,0.2763648515679322
1193,-0.06445916259026285
1194,-0.17646831984802172
1195,0.02863227877251545
1196,-0.0008484871533446563
1197,0.020600929619784353
1198,-0.13021593369613566
1199,0.07499008442229416
1200,0.0033645942590632173
1201,-0.01006115510783194
1202,0.0920566722287931
1203,-0.11725556797591563
1204,-0.2406213596144538
1205,0.012034036556833152
1206,0.1184371542236275
1207,0.16347071840275895
1208,-0.21283333198718704
1209,0.09824117484257211
1210,-0.05914324732791837
1211,-0.07266357505992403
1212,0.0886405689173779
1213,0.05178237825666169
1214,-0.0752170009252058
1215,0.08223288696422672
1216,0.04640198589720029
1217,-0.04633222930513337
1218,0.12514359152188584
1219,-0.11165392519698397
1220,0.05183938357553344
1221,-0.132720231139435
1222,0.12276630768543995
1223,-0.11655470942590103
1224,-0.03861991844212288
1225,-0.09906946266939375
1226,0.001319198382367831
1227,-0.10822399753816224
1228,0.1043774652982475
1229,-0.09237703921740983
1230,-0.09884565262416979
1231,-0.14515063058340502
1232,-0.20051840752519257
1233,0.036829281494614514
1234,0.069769069071622
1235,-0.0940393650160023
1236,0.09485564130841218
1237,-0.04219385053528463
1238,-0.032162653572915666
1239,-0.11423142799662972
1240,-0.06895127600236717
1241,0.04850838137145923
1242,-0.010785090790075773
1243,-0.056610975500386324
1244,-0.0879059921554658
1245,-0.09487602187268794
1246,0.027920982566520182
1247,-0.13512774984873363
1248,-0.05253366513647281
1249,0.12575032246348392
1250,-0.04579636000385595
1251,-0.05989470896380067
1252,-0.012499589973361189
1253,0.11791789138471476
1254,0.038004012703834106
1255,-0.07077865418599165
1256,-0.03359170621663502
1257,-0.1286446145832517
1258,0.08449320249772083
1259,0.03812447945209336
1260,0.08190732122626229
1261,0.13870785498652013
1262,0.009530157702433737
1263,-0.11813325855969
1264,-0.17717678255300204
1265,-0.02681455028659547
1266,0.024252234112762894
1267,0.09868628765054052
1268,-0.045592363252713985
1269,-0.10205580374924327
1270,0.09156082926533189
1271,-0.14862976417254478
1272,-0.041623488553750955
1273,-0.13281242909809352
1274,-0.04687070355705275
1275,-0.033279538701226206
1276,0.007369595363634489
1277,0.030574384325079525
1278,-0.058334637073135846
1279,-0.018003665590463677
1280,0.00714757859895624
1281,-0.0907268050958851
1282,-0.04778138316437373
1283,-0.023940640614063046
1284,-0.30079746413841646
1285,0.13209694152500737
1286,-0.006028311729135203
1287,-0.04536645173706444
1288,0.020690483378838814
1289,0.13450889302779512
1290,0.0039052346882658146
1291,-0.273777665333561
1292,0.016037445060763298
1293,0.048877157002268246
1294,-0.237324656263151
1295,-0.06685167877990811
1296,-0.05866764529630826
1297,0.06263259703489264
1298,0.23308185297205625
1299,0.12368685998559109
1300,-0.02978704017174994
1301,-0.06121018618498844
1302,-0.028302553594515247
1303,-0.12333674919417864
1304,-0.24126922143663132
1305,-0.15079756103538183
1306,-0.0502385960567753
1307,-0.12554809167566355
1308,-0.08269259931780298
1309,0.044559187597076694
1310,-0.03242876548777135
1311,-0.07530769409574536
1312,-0.13513742466734063
1313,-0.02365256839467894
1314,0.1437535133919816
1315,0.07549136842757388
1316,0.06068717859388099
1317,-0.0335613406984241
1318,0.149003811839616
1319,-0.08811528436548519
1320,0.05300600524650876
1321,0.09343462059501384
1322,-0.12186912656145053
1323,-0.23079357212309218
1324,-0.06293683375956385
1325,0.18388597822925778
1326,-0.0720986029321382
1327,0.016571495187584644
1328,0.018595180927296843
1329,-0.05945848738818496
1330,0.03144180097840778
1331,0.0412887094902408
1332,0.0928517717818274
1333,0.09001502812804027
1334,0.13809284998807697
1335,0.06972126212487015
1336,0.17951787944892478
1337,0.08360354118720027
1338,0.960283385481859
1339,1.0355941354664717
1340,0.9146599083621829
1341,1.0990061497239592
1342,0.8977162496827036
1343,1.2134688347301297
1344,1.0473338698973165
1345,1.0191238482750435
1346,0.8752016094041618
1347,0.7759449313656454
1348,1.062398648354713
1349,1.003716824477007
1350,0.8103097938030541
1351,1.0661503171593032
1352,0.9669034097037356
1353,1.1271995784083102
1354,0.9665654840867922
1355,0.9937015752402847
1356,0.9723916115894506
1357,0.989424270767324
1358,0.9753646694030201
1359,0.9781893067143332
1360,1.0449112434024026
1361,1.020554950897353
1362,1.2745395794222603
1363,0.7778730126536909
1364,1.0102524734776719
1365,1.0918004346072037
1366,0.8749297767751396
1367,1.0647424055863661
1368,0.9655315119278887
1369,1.011401471942041
1370,1.0226037859111026
1371,0.9777498522504882
1372,0.9881133897719341
1373,1.0782811316907888
1374,1.071025456046449
1375,0.944620325318476
1376,0.9347381888471731
1377,1.031853769766903
1378,0.9096739888843952
1379,0.9400735927429368
1380,1.1851223331330059
1381,1.1145424303424207
1382,0.8961164327331331
1383,1.2086317791353136
1384,0.904249763641504
1385,1.0283166361118168
1386,0.8692279203231883
1387,0.9376242381348476
1388,0.9805512301718377
1389,1.2120919766652078
1390,0.9712662022137313
1391,0.8801043006866925
1392,0.9108697208400793
1393,1.0533969196093993
1394,0.9707867525534954
1395,0.9964607890424103
1396,1.1120970398189298
1397,0.9486103699967644
1398,1.0860189676699699
1399,1.025202834468219
1400,0.9744334107332412
1401,1.0199387154647512
1402,0.7974166615047995
1403,0.9881475558443444
1404,1.0673087499860403
1405,1.0278226661795256
1406,0.9615375049027798
1407,0.9903940028882089
1408,1.1636252710873622
1409,1.026722727927829
1410,0.9732042665232261
1411,1.1340857042019978
1412,1.0612231404188968
1413,1.132929318254696
1414,1.105555718651585
1415,0.8728676587045795
1416,1.1768285265112945
1417,0.9598765280398276
1418,1.0621451559872326
1419,1.125955921910781
1420,1.0144428955561844
1421,1.0163969102272903
1422,0.8562202706880628
1423,0.9897943342540535
1424,1.0945239573823482
1425,1.095693367180014
1426,0.9434359042903301
1427,0.9424794152573003
1428,0.9208087886968772
1429,0.824759278377238
1430,0.839091714772107
1431,1.041754305548753
1432,1.0090628282475518
1433,1.158643305616686
1434,1.0997808544072978
1435,0.9067046181103007
1436,0.9498451884709408
1437,1.0200520526440677
1438,0.913465619863456
1439,0.962028101571041
1440,1.094687434120301
1441,0.9899248666844116
1442,1.124075181367905
1443,1.0248456917183058
1444,0.9890359398543358
1445,0.9916605554927891
1446,1.205259830351301
1447,1.0936047485083051
1448,1.0426135863638164
1449,0.9437916229586457
1450,1.0044113029215231
1451,1.1607566411376489
1452,1.0050346239566836
1453,1.07994069781897
1454,0.9059260993557909
1455,0.79529707242481
1456,0.950858144220642
1457,0.9042039083607679
1458,0.9558491068229216
1459,0.835963179914089
1460,1.1353996255262948
1461,0.7750570560272723
1462,1.0141057905090378
1463,0.9027564175696897
1464,1.1582552594495028
1465,0.9869664579865401
1466,1.0279214114575446
1467,1.1182541356450189
1468,1.1057263091474474
1469,0.9240188485103928
1470,0.9823744759063042
1471,0.7901201644763455
1472,1.1241314850457051
1473,0.9218941090230658
1474,1.099867406660439
1475,1.2843398153303296
1476,0.9033405398144911
1477,1.184313097498399
1478,0.9941747352298467
1479,0.9174815366266803
1480,1.1155076621877233
1481,1.0055891823841496
1482,0.9920534201493845
1483,0.9188218660737277
1484,0.8717019177692198
1485,1.1350437234558015
1486,1.0249933381765326
1487,0.9671314131522264
1488,0.8976049628436306
1489,0.9744936527406686
1490,0.9749481749727469
1491,0.965776529073221
1492,1.0110872150222128
1493,1.0659229984125977
1494,1.0029042719295171
1495,1.0381279659900493
1496,1.0677556080369426
1497,1.0860464784046688
1498,1.021736266178403
1499,1.0136135348941653
1500,0.9629389887083879
1501,1.1003008450416654
1502,0.9514895034261026
1503,1.1270886707286096
1504,0.9035126887786598
1505,0.9147439044867678
1506,1.031614972997861
1507,1.1594883027143077
1508,1.1962118861165982
1509,0.9682886612151942
1510,0.9236684531551975
1511,1.0536862791269632
1512,1.0511527770341584
1513,1.0446635229029844
1514,1.0954728757040877
1515,1.0337797785735974
1516,0.9716120865897905
1517,1.0730338852756978
1518,0.9925576899259867
1519,1.0103219007707287
1520,0.8082342091560888
1521,0.9155047207015031
1522,0.889569601901413
1523,1.0300192610791215
1524,1.103863498666586
1525,1.0370211000621607
1526,0.9518861426067426
1527,0.8829089950347793
1528,0.942808603692153
1529,1.1286400923799687
1530,0.9572778555737499
1531,0.999997992468919
1532,0.8427664343348013
1533,0.9576154837442183
1534,0.851355024984858
1535,1.0852354709004604
1536,0.8058897931281709
1537,1.041269316828037
1538,0.8838597820115837
1539,1.02676110935977
1540,0.9096297988139672
1541,0.8957964003148842
1542,0.94846140070947
1543,0.8973612601644598
1544,0.9426492387428642
1545,0.9246699845029482
1546,0.8854205692611069
1547,1.1150623898197443
1548,0.8843832253459547
1549,1.0089319620909256
1550,0.7937923931179661
1551,0.9226911916653193
1552,1.1073761818359227
1553,0.9546431141771287
1554,1.2096939927472843
1555,0.9592478044401023
1556,0.9385221340683728
1557,0.9224671673897651
1558,0.9520990519027206
1559,1.079917856514557
1560,1.1125283567415223
1561,1.0050616232397074
1562,0.9183871988799595
1563,1.2167787738646962
1564,0.9815194402059993
1565,1.0267399682637177
1566,1.1024754536081285
1567,0.9941739966406568
1568,1.2202601685578591
1569,0.8763250171283857
1570,0.9276867404708475
1571,0.9846275328683873
1572,0.909157465758706
1573,0.8726411838710811
1574,1.0888423747406843
1575,0.9492840580176909
1576,1.1633927455030653
1577,0.9677633939249733
1578,0.9345833500050441
1579,0.8852846337313235
1580,1.0197275000088928
1581,0.9451089393763922
1582,0.9946844111186572
1583,1.0512754419207262
1584,0.9083169595365609
1585,0.9851727428772759
1586,0.9273850926197533
1587,0.9473146602332333
1588,1.0611534701364678
1589,1.0914789187949026
1590,1.006974789668351
1591,0.9753427438057394
1592,0.9092582046025186
1593,1.117798000367626
1594,0.9685179589403604
1595,1.0589528654691447
1596,1.0967374835466353
1597,1.0052116542513372
1598,1.0864366057266992
1599,0.8727049886444881
1600,1.0063228951296308
1601,1.0631054093083032
1602,0.8903330597439291
1603,1.1106761734521333
1604,1.0061444932001884
1605,0.9635211974448408
1606,1.1719902995370979
1607,0.913851704083208
1608,1.054724884991989
1609,0.9693940209647575
1610,0.8073094709629365
1611,1.1894693171412831
1612,1.0346059474783458
1613,0.9140408298127076
1614,1.0302065907121216
1615,1.0043053956445063
1616,1.0612322885737973
1617,0.9285116024812345
1618,1.1819131828882679
1619,0.7549561088526002
1620,1.0152240121572285
1621,1.1077885917931685
1622,0.9469561927497144
1623,0.9201383146587696
1624,0.8593170960396648
1625,0.9075732582391814
1626,0.9945545188866601
1627,0.9539370782239043
1628,0.8971170346271924
1629,0.9833021634555958
1630,1.0000859929191044
1631,0.9784063457726865
1632,1.0410960548321686
1633,0.9866625755130327
1634,1.0992679106079082
1635,0.7755402456080236
1636,0.9282061245924791
1637,0.974886286413706
1638,1.0179281946169536
1639,1.0006631071091814
1640,1.1373987308034117
1641,0.938210803774102
1642,1.0235076043627145
1643,0.8226371667304981
1644,1.0723236936142546
1645,1.01187141443832
1646,0.9850010968349063
1647,0.9221213053784736
1648,0.8603698513126731
1649,0.9860131502701399
1650,0.9557027651965491
1651,1.0449680825090484
1652,0.9975687414606038
1653,0.9230566113047196
1654,0.9618695748062385
1655,1.0700560740242
1656,0.9012088949302814
1657,1.0820008965578956
1658,1.0221646146822252
1659,0.9557423715892626
1660,0.9868796877825953
1661,0.985254117799458
1662,0.9712995625164004
1663,1.0242966421714534
1664,1.2042575042255539
1665,1.111102882982143
1666,1.0761952440628968
1667,0.996514263370216
1668,1.0242062288214158
1669,0.9416804384180597
1670,1.1293136454139021
1671,0.8304235461474587
1672,1.0251087603349105
1673,1.1478599160121623
1674,1.0950952736208097
1675,0.9171900585682048
1676,0.8713295059126416
1677,0.8897195082199612
1678,0.7878735433614442
1679,0.8852351609835145
1680,1.0356126939422536
1681,1.077986083955482
1682,1.0721923897035852
1683,0.8491568148719033
1684,1.0016603003706201
1685,0.9048560853371881
1686,1.0296153979438627
1687,1.2072208758711653
1688,0.9313907229814583
1689,0.9956759222303816
1690,0.732671030038917
1691,1.0232386944983045
1692,1.0340422703180254
1693,0.9455945220738586
1694,1.0806290642290537
1695,1.0485574737337562
1696,0.8944468738440784
1697,0.8485339168916906
1698,0.9754676523131964
1699,1.0779961339506794
1700,0.9630669540930633
1701,0.9444060221623427
1702,1.0106220503619487
1703,1.0543925355939288
1704,0.97787639801411
1705,1.0040345829282928
1706,1.0333170590316245
1707,1.1105055366591468
1708,0.9743784061673302
1709,0.984140921195382
1710,1.1676098585452548
1711,1.024778354284987
1712,0.9497439163205491
1713,1.0546125513418259
1714,1.1510597101451332
1715,0.9325380777085797
1716,0.944737102111782
1717,0.9443048985728066
1718,0.9118440853345279
1719,1.0596263616042358
1720,0.9420575234678892
1721,0.8413196691386624
1722,1.0720389435920183
1723,1.0582224255025758
1724,0.9275891207635585
1725,1.070243920047231
1726,1.1193927871683527
1727,0.9808579823545782
1728,1.1006906613350078
1729,0.8532320016138469
1730,0.9850681862251427
1731,0.9974035645257691
1732,0.957418241423989
1733,0.9443158733846757
1734,0.8957162606842246
1735,0.9133369206036244
1736,1.1060560545973928
1737,1.0799937935393424
1738,0.9346890259910497
1739,0.8177141376780396
1740,0.8496540094470653
1741,0.9389334925825643
1742,1.1033187336839225
1743,0.772413376904145
1744,1.0437745466824928
1745,1.1135176387895165
1746,0.9884266083371788
1747,1.1148282802595517
1748,0.9146093149159045
1749,0.8518669889746606
1750,0.568374910775856
1751,1.1198285163246726
1752,1.0435468956015357
1753,0.9035614177334056
1754,1.110070711811619
1755,0.9724248481286357
1756,1.0881589947284374
1757,1.1118152649056
1758,1.0302574324601135
1759,0.8555479484911988
1760,1.0655621180435737
1761,0.9243432351965098
1762,1.1889216682737287
1763,1.016898970553279
1764,0.9749977785910496
1765,1.0313072944734538
1766,1.0582880965342247
1767,1.0366952290387021
1768,1.0413535532372982
1769,0.9574994035991429
1770,1.1071387729770992
1771,0.9533561695796717
1772,1.0101847561001813
1773,1.2210981176690123
1774,0.9098944839283177
1775,0.9431517562815039
1776,0.980643966180822
1777,1.1294737343550456
1778,1.055267583082284
1779,0.9742856644493024
1780,0.7991200728378858
1781,1.0811748541510013
1782,1.0028717877606312
1783,1.069629690692323
1784,0.988120111088924
1785,1.0479746151549383
1786,1.076972167911852
1787,1.0873071966702663
1788,0.9872173712567497
1789,1.0645178005064526
1790,1.1067529951163484
1791,0.8575399669351145
1792,1.1022896307654142
1793,1.1005956022018797
1794,0.8955209285569672
1795,0.958128515203749
1796,0.9978780274546215
1797,0.9394368659372122
1798,1.002598244809959
1799,0.9627422410741275
1800,0.9601845496967915
1801,1.0333097543357315
1802,1.039927074951838
1803,0.79813340134962
1804,1.0763037616174795
1805,1.1106444535075009
1806,1.1237894983264316
1807,1.057768993068034
1808,0.7927645961031682
1809,1.1818724787435397
1810,0.9002514913134669
1811,0.8862257125414688
1812,1.0926272531009011
1813,1.0422086847432064
1814,0.948245020575313
1815,1.1872793273381084
1816,0.9199035822854036
1817,0.9013410972604934
1818,0.9112025709805616
1819,1.1217502054696014
1820,1.1834388837975471
1821,1.085879562725428
1822,0.9332817032021802
1823,0.9328667163410745
1824,1.109130865314015
1825,1.0179471947560965
1826,1.0522345966369089
1827,0.8907791656373815
1828,1.1534496321659002
1829,1.0944901734708221
1830,0.8638687599836885
1831,0.943612214621607
1832,1.0146922090973878
1833,0.9744475013764254
1834,0.8468056967130854
1835,0.9217623348051863
1836,1.051974343806417
1837,0.8532078300032434
1838,0.8550031177887785
1839,0.9612508386715359
1840,0.9042190616482735
1841,1.048186168196868
1842,1.1081959400530046
1843,1.0038769359262656
1844,1.0069518156432007
1845,1.0411040315689335
1846,1.0878750945979303
1847,1.0744333068037184
1848,1.0085246521067992
1849,1.0755808228067514
1850,0.9750664773301255
1851,0.9587222312224898
1852,0.9469739485969866
1853,1.00316169901688
1854,1.0739216058113745
1855,1.0003189907304244
1856,0.9302334179040401
1857,0.9763305793443436
1858,1.0167743658005886
1859,0.9688128188240814
1860,0.9750340230306179
1861,1.0322031423629643
1862,1.0278735483679275
1863,1.1096129801696513
1864,0.8296273714734638
1865,0.909523751745997
1866,1.119063584834325
1867,1.0076238953830772
1868,0.8717806437216838
1869,-0.059049423794525324
1870,0.010838986885107168
1871,0.008652331815640527
1872,-0.1694642976094041
1873,-0.1848295588790123
1874,0.17042515392809499
1875,-0.04073328758092325
1876,-0.13926155863203496
1877,-0.07657620174547021
1878,-0.07169742149089746
1879,0.06258248498110974
1880,0.04163164377869918
1881,0.013902204492749058
1882,-0.11389391353582706
1883,0.014187063451047586
1884,-0.054001204318245705
1885,-0.08389333531997599
1886,0.11595372570441193
1887,-0.19941346698156306
1888,-0.10592045944665994
1889,0.12555744070808286
1890,0.15077470543271893
1891,0.005147556734181353
1892,-0.011070615545415344
1893,0.10531234477346013
1894,-0.03037259081425872
1895,-0.004402095705496309
1896,-0.05165330214814215
1897,-0.24886888715199112
1898,0.032484753322910356
1899,0.08257408640485558
1900,-0.1398306759827339
1901,0.15195986608159784
1902,-0.26766142781415536
1903,0.19237299801511276
1904,0.07194120911953931
1905,0.06533513179662112
1906,0.09235009989733578
1907,0.02060401851618705
1908,0.047292355017039246
1909,0.000640377465960281
1910,0.02527025461113674
1911,0.03818998052477489
1912,-0.1555305887144346
1913,-0.064424296202281
1914,0.040819651040456796
1915,0.16165838350082423
1916,-0.03305140655064664
1917,-0.062159127269050575
1918,-0.06577599975129723
1919,-0.06196438984879901
1920,0.11276347239784218
1921,0.16317587131502917
1922,-0.06423811218148724
1923,-0.17869329659678485
1924,0.015050433061534856
1925,0.0514568790825571
1926,0.10169003150242739
1927,0.03518211921623731
1928,-0.08319556092666697
1929,0.13448032955241104
1930,0.07364188426038752
1931,-0.06171896732759033
1932,0.07261969895299862
1933,0.09019965612866189
1934,-0.10276318884249232
1935,-0.03602393458145827
1936,0.06581106967919685
1937,-0.09230622388966775
1938,0.13225313726742705
1939,0.09841612895523803
1940,0.057688371577713
1941,0.08849634237702055
1942,-0.08067760980325825
1943,0.07030356782100719
1944,0.16383209474944482
1945,0.1274602533668209
1946,0.051868549412619605
1947,-0.01901492180174716
1948,0.10953392550879737
1949,0.09467401349503633
1950,0.12304589051354825
1951,0.048996673139044995
1952,-0.1467868184563537
1953,-0.08211292856999826
1954,0.1252381784543248
1955,0.05812094989682141
1956,-0.15243399867735505
1957,0.068741665755637
1958,-0.0700724081496667
1959,0.12297940142423508
1960,-0.07723496929968912
1961,0.06267778236897403
1962,-0.015102225746038088
1963,0.042048495643354854
1964,-0.03177292284287105
1965,-0.05943859944928618
1966,0.14367086360362216
1967,0.0904984664470242
1968,0.0484463007091664
1969,0.03413717890051457
1970,0.06387820445613329
1971,0.0016641773480078653
1972,-0.06144498156289211
1973,0.04520329404149351
1974,-0.16238168454874777
1975,0.06934325185465375
1976,-0.039821462591163564
1977,0.06719534105048651
1978,-0.02782930875637646
1979,0.014573221891287623
1980,-0.013103856838296027
1981,-0.003762555502108167
1982,-0.031509803993369695
1983,-0.037025007954345025
1984,-0.06843734253723763
1985,-0.10186252203682902
1986,-0.013585474249834986
1987,0.10629962458526049
1988,-0.055526608806197114
1989,-0.12275579520377505
1990,-0.08725118414999457
1991,-0.04539571548520044
1992,-0.08757110864764978
1993,0.09978900959271529
1994,-0.12790853305053787
1995,-0.01337788494606662
1996,0.027578219132975642
1997,1.032127605580034
1998,1.18139619715942
1999,1.0331102091996682
2000,0.8644791914251934
